{
  "train_loss": [
    4.1672032694662775,
    4.12726621267433,
    4.127291180307415,
    4.1271070872363955,
    4.1270763271525155,
    4.12707456755748,
    4.127064097444033,
    4.126861425478887,
    4.126837795187251,
    4.126841039525749
  ],
  "train_acc": [
    0.015253456221198157,
    0.01617511520737327,
    0.015253456221198157,
    0.014700460829493087,
    0.01608294930875576,
    0.015391705069124424,
    0.015391705069124424,
    0.016267281105990784,
    0.01695852534562212,
    0.017096774193548388
  ],
  "val_loss": [
    4.127948795646749,
    4.1285643516048305,
    4.129171574295208,
    4.129405387755363,
    4.129624999876945,
    4.1298722544024065,
    4.130061080276326,
    4.130123187444544,
    4.130203294856574,
    4.130243842627412
  ],
  "val_acc": [
    0.014193548387096775,
    0.012903225806451613,
    0.014623655913978495,
    0.014623655913978495,
    0.014623655913978495,
    0.014623655913978495,
    0.014623655913978495,
    0.014623655913978495,
    0.014623655913978495,
    0.014623655913978495
  ],
  "epoch_time": [
    102.62269759178162,
    26.2171790599823,
    25.052221536636353,
    24.651913166046143,
    26.409000158309937,
    26.118024349212646,
    26.292614936828613,
    25.208860158920288,
    24.518836498260498,
    25.245988368988037
  ]
}